{"Beta":{"GOOGL":1.058286,"AAPL":1.202736,"FB":1.282818,"MSFT":0.862138,"AMZN":1.095793,"TSLA":1.977192,"NVDA":1.313735,"ASML":0.912385,"NFLX":0.813482,"TCEHY":0.513791,"BABA":0.890015,"TXN":0.915864,"SONY":0.650081,"INTC":0.521033,"SHOP":1.399391,"QCOM":1.26964,"INTU":1.034972,"MRK":0.495184,"ISRG":1.098834,"MDT":0.793715,"AMGN":0.639128,"AZN":0.188209,"JNJ":0.736441,"CRM":1.049163,"AVGO":0.989356,"UNH":0.865179,"IBM":1.129244,"TSM":1.015044,"NVS":0.555976,"ABBV":0.824125,"ADBE":1.003041,"CSCO":0.941713,"CVS":0.841358,"AMAT":1.379118,"BMY":0.62747,"SNY":0.481882,"NOW":1.000506,"LRCX":1.169792,"ORCL":0.788646,"SAP":1.003785,"MU":1.149518,"ACN":1.162696,"TMO":0.74303,"SYK":1.010643,"PFE":0.642676,"ANTM":1.066396,"JD":0.742017,"ABNB":0.0,"F":1.098327,"BYDDF":0.584099,"SSUN.F":0.926548,"AMD":1.873796,"INFY":0.646902,"LLY":0.362392,"ABT":0.703497,"NVO":0.262844,"DHR":0.701976,"GSK":0.382909,"ADI":1.10593,"TM":0.652983},"revenue":{"GOOGL":182527000000,"AAPL":365817000000,"FB":85965000000,"MSFT":168088000000,"AMZN":386064000000,"TSLA":31536000000,"NVDA":16675000000,"ASML":13978500000,"NFLX":29697844000,"TCEHY":482064000000,"BABA":717289000000,"TXN":14461000000,"SONY":8999360000000,"INTC":77867000000,"SHOP":2929491000,"QCOM":33566000000,"INTU":9633000000,"MRK":47994000000,"ISRG":5710100000,"MDT":30117000000,"AMGN":25424000000,"AZN":26617000000,"JNJ":82584000000,"CRM":21252000000,"AVGO":27450000000,"UNH":255639000000,"IBM":57350000000,"TSM":1339238500000,"NVS":49898000000,"ABBV":45804000000,"ADBE":15785000000,"CSCO":49818000000,"CVS":268706000000,"AMAT":23063000000,"BMY":42518000000,"SNY":37369000000,"NOW":4519484000,"LRCX":14626150000,"ORCL":40479000000,"SAP":27338000000,"MU":27705000000,"ACN":50533389000,"TMO":32218000000,"SYK":14351000000,"PFE":41908000000,"ANTM":121867000000,"JD":745801886000,"ABNB":3378199000,"F":127144000000,"BYDDF":156597691000,"SSUN.F":236806988000000,"AMD":9763000000,"INFY":13561000000,"LLY":24539800000,"ABT":34608000000,"NVO":126946000000,"DHR":22284000000,"GSK":34099000000,"ADI":7318286000,"TM":27214593000000},"Gross_Profit_ratio":{"GOOGL":0.5357837471,"AAPL":0.4177935963,"FB":0.8058279532,"MSFT":0.6892580077,"AMZN":0.2441046044,"TSLA":0.2102359209,"NVDA":0.6234482759,"ASML":0.4862610437,"NFLX":0.4163656123,"TCEHY":0.4595489396,"BABA":0.4127820167,"TXN":0.6409653551,"SONY":0.2708860408,"INTC":0.5600832188,"SHOP":0.5262074538,"QCOM":0.5751057618,"INTU":0.8252880723,"MRK":0.6773555028,"ISRG":0.0,"MDT":0.6519241624,"AMGN":0.757748584,"AZN":0.8009167074,"JNJ":0.6557807808,"CRM":0.7441182006,"AVGO":0.6136247723,"UNH":0.2562128627,"IBM":0.5490148213,"TSM":0.5309958607,"NVS":0.6969618021,"ABBV":0.6640686403,"ADBE":0.8818498575,"CSCO":0.6402103657,"CVS":0.1825266276,"AMAT":0.4732255127,"BMY":0.7231055083,"SNY":0.6746768712,"NOW":0.7815872343,"LRCX":0.465283482,"ORCL":0.8059487636,"SAP":0.7115736338,"MU":0.3762136798,"ACN":0.3238280338,"TMO":0.4967409523,"SYK":0.6311058463,"PFE":0.7925932996,"ANTM":0.0,"JD":0.1462966735,"ABNB":0.740677799,"F":0.1131944881,"BYDDF":0.1937851753,"SSUN.F":0.3898478368,"AMD":0.4452524839,"INFY":0.3490155593,"LLY":0.7765548211,"ABT":0.5664875173,"NVO":0.8351109921,"DHR":0.559818704,"GSK":0.656764128,"ADI":0.6183158188,"TM":0.1775655069},"price_to_sales":{"GOOGL":9.513440246,"AAPL":7.2166292033,"FB":9.989613559,"MSFT":13.2379465888,"AMZN":3.7975671379,"TSLA":29.6157334551,"NVDA":34.9283502249,"ASML":19.9891509161,"NFLX":5.7744551019,"TCEHY":1.1886741646,"BABA":0.4549243484,"TXN":11.389366551,"SONY":0.0152250201,"INTC":2.7128306384,"SHOP":40.2371415376,"QCOM":5.6747422988,"INTU":15.7171946265,"MRK":4.148848766,"ISRG":17.0156944859,"MDT":4.6524088588,"AMGN":5.0087780704,"AZN":6.632552252,"JNJ":5.1951326217,"CRM":10.3371235648,"AVGO":8.1458758563,"UNH":1.7031417955,"IBM":2.0133207044,"TSM":0.4877611746,"NVS":3.8166554929,"ABBV":5.1009303192,"ADBE":15.6638725372,"CSCO":4.8171746776,"CVS":0.5085089797,"AMAT":5.366213377,"BMY":3.2685371938,"SNY":3.4081398496,"NOW":23.1535635484,"LRCX":5.9859661739,"ORCL":5.4373497963,"SAP":5.7697505991,"MU":3.3526709383,"ACN":4.4197927658,"TMO":7.0424246819,"SYK":6.6221378859,"PFE":6.9029141744,"ANTM":0.8952415018,"JD":0.1494117849,"ABNB":27.8177904608,"F":0.6408743707,"BYDDF":0.6060317143,"SSUN.F":0.0013814425,"AMD":14.4138882962,"INFY":7.1142926087,"LLY":9.3718713535,"ABT":6.3265624637,"NVO":1.7124858278,"DHR":8.8780198737,"GSK":3.2744549031,"ADI":11.5887023179,"TM":0.0100385734},"Market_Capit":{"GOOGL":1736459707781.8369140625,"AAPL":2639965645250.5600585938,"FB":858757129600.0,"MSFT":2225139966213.1201171875,"AMZN":1466103959525.1999511719,"TSLA":933961770240.0,"NVDA":582430240000.0,"ASML":279418346081.2799682617,"NFLX":171488866800.0,"TCEHY":573017022464.0,"BABA":326312230922.2399902344,"TXN":164701629693.4400024414,"SONY":137015437168.6400146484,"INTC":211239983324.1600036621,"SHOP":117874344000.0,"QCOM":190478400000.0,"INTU":151403735837.4399719238,"MRK":199119847677.4400024414,"ISRG":97161317084.1600036621,"MDT":140116597600.0,"AMGN":127343173662.7200012207,"AZN":176538643292.1600036621,"JNJ":429034832430.0800170898,"CRM":219684550000.0,"AVGO":223604292254.7200317383,"UNH":435389465468.1599731445,"IBM":115463942400.0,"TSM":653228543877.1199951172,"NVS":190443475786.2399902344,"ABBV":233643012341.759979248,"ADBE":247254228000.0,"CSCO":239982008089.6000061035,"CVS":136639413912.3200073242,"AMAT":123760979112.9599914551,"BMY":138971664407.0400085449,"SNY":127358778040.3200073242,"NOW":104642160000.0,"LRCX":87551639154.5600128174,"ORCL":220098482406.3999938965,"SAP":157733441879.0400085449,"MU":92885748345.6000061035,"ACN":223347107136.0,"TMO":226892838399.9999694824,"SYK":95034300800.0,"PFE":289287327221.7600097656,"ANTM":109100396096.0,"JD":111431590947.8399963379,"ABNB":93974031916.8000030518,"F":81483330990.0800018311,"BYDDF":94903167129.6000061035,"SSUN.F":327135237632.0,"AMD":140722791435.5199890137,"INFY":96476922065.9199981689,"LLY":229983848640.0,"ABT":218949673743.3599853516,"NVO":217393225891.8399963379,"DHR":197837794864.6400146484,"GSK":111655637739.5200042725,"ADI":84809437931.5200042725,"TM":273195689510.3999938965},"sector":{"GOOGL":"Communication Services","AAPL":"Technology","FB":"Communication Services","MSFT":"Technology","AMZN":"Consumer Cyclical","TSLA":"Consumer Cyclical","NVDA":"Technology","ASML":"Technology","NFLX":"Communication Services","TCEHY":"Communication Services","BABA":"Consumer Cyclical","TXN":"Technology","SONY":"Technology","INTC":"Technology","SHOP":"Technology","QCOM":"Technology","INTU":"Technology","MRK":"Healthcare","ISRG":"Healthcare","MDT":"Healthcare","AMGN":"Healthcare","AZN":"Healthcare","JNJ":"Healthcare","CRM":"Technology","AVGO":"Technology","UNH":"Healthcare","IBM":"Technology","TSM":"Technology","NVS":"Healthcare","ABBV":"Healthcare","ADBE":"Technology","CSCO":"Technology","CVS":"Healthcare","AMAT":"Technology","BMY":"Healthcare","SNY":"Healthcare","NOW":"Technology","LRCX":"Technology","ORCL":"Technology","SAP":"Technology","MU":"Technology","ACN":"Technology","TMO":"Healthcare","SYK":"Healthcare","PFE":"Healthcare","ANTM":"Healthcare","JD":"Consumer Cyclical","ABNB":"Communication Services","F":"Consumer Cyclical","BYDDF":"Consumer Cyclical","SSUN.F":"Technology","AMD":"Technology","INFY":"Technology","LLY":"Healthcare","ABT":"Healthcare","NVO":"Healthcare","DHR":"Healthcare","GSK":"Healthcare","ADI":"Technology","TM":"Consumer Cyclical"},"industry":{"GOOGL":"Internet Content & Information","AAPL":"Consumer Electronics","FB":"Internet Content & Information","MSFT":"Software\u2014Infrastructure","AMZN":"Internet Retail","TSLA":"Auto Manufacturers","NVDA":"Semiconductors","ASML":"Semiconductor Equipment & Materials","NFLX":"Entertainment","TCEHY":"Internet Content & Information","BABA":"Internet Retail","TXN":"Semiconductors","SONY":"Consumer Electronics","INTC":"Semiconductors","SHOP":"Software\u2014Application","QCOM":"Semiconductors","INTU":"Software\u2014Application","MRK":"Drug Manufacturers\u2014General",